,LinearRegression,LogisticRegression,Lasso,Ridge,LassoLars,BayesianRidge,ElasticNet
max_error,15356.30318364688,,15208.981517136584,15343.192806145169,12553.341519361089,15343.344954802204,19275.603151070958
median_absolute_error,530.0844336468826,,531.1923776943977,530.450104413143,553.8155730039089,530.4520363463871,756.032524584416
mean_squared_error,1254081.783177,,1254921.371551545,1254150.0652896967,1303968.7845504726,1254149.3247845313,2439752.500862274
r2_score,0.9206226842750578,,0.9205695423887954,0.920618362347341,0.9174650781988727,0.920618409217739,0.8455754583556303
explained_variance_score,0.9206242264339832,,0.920571295657993,0.9206200784694838,0.9174677560239959,0.9206201253080101,0.8455779099540678
