,LinearRegression,LogisticRegression,Lasso,Ridge,LassoLars,BayesianRidge,ElasticNet
max_error,0.8302213285209393,,0.8040079798991684,0.8294962862164145,0.8040079798991684,0.8295045296231488,0.8040079798991684
median_absolute_error,0.028666172680692437,,0.15030893635752207,0.028677629043258046,0.15030893635752207,0.02867773371533694,0.15030893635752207
mean_squared_error,0.0036654264552004887,,0.046177179130699304,0.003665615531404363,0.046177179130699304,0.0036656133623756944,0.046177179130699304
r2_score,0.9206224569335233,,-1.2467676167027264e-06,0.920618362347341,-1.2467676167027264e-06,0.9206184093192741,-1.2467676167027264e-06
explained_variance_score,0.9206241702459691,,0.0,0.9206200784694838,0.0,0.9206201254094761,0.0
